product_id,category_id,suppler_id,product_name,price,description,stock_quantity,discount_rate,discount_price
11700n,12618w,01045g,Luxury Watch,175.77,innovative,475,20,140.616
68396m,41482t,50086v,Smartphone Case,881.03,high quality,987,13,766.4961
19929u,07510z,00337e,Designer Handbag,757.29,affordable,846,11,673.9881
49951x,40614f,22113y,Designer Handbag,473.37,affordable,283,16,397.6308
82273s,11653r,57990d,Smartphone Case,795.44,stylish,110,18,652.2608
88968t,12087n,96638u,Designer Handbag,889.47,affordable,392,8,818.3124
32837z,19565c,07698y,Leather Wallet,469.38,durable,668,4,450.6048
43923f,47457j,68102l,Luxury Watch,996.39,innovative,747,2,976.4622
87121r,74753q,82177n,Designer Handbag,464.82,affordable,588,18,381.1524
92485k,60651n,82371r,Smartphone Case,387.34,stylish,66,17,321.4922
68868y,75870x,04613p,Luxury Watch,755.73,high quality,578,2,740.6154
42278k,09327y,28851l,Designer Handbag,29.88,durable,677,1,29.5812
47591s,74437v,38526q,Designer Handbag,293.37,affordable,903,8,269.9004
80861w,62494i,09659b,Smartphone Case,556.76,high quality,53,18,456.5432
56163q,28157i,83093a,Leather Wallet,43.04,high quality,731,20,34.432
82843f,28190i,60719m,Vintage Sunglasses,276.23,innovative,628,15,234.7955
23553p,91923w,13192z,Luxury Watch,952.58,high quality,311,12,838.2704
01084r,45415d,39071h,Luxury Watch,601.6,durable,940,14,517.376
30084x,84909v,66313j,Designer Handbag,521.22,innovative,217,14,448.2492
46482w,72980d,39923w,Designer Handbag,661.96,innovative,684,14,569.2856
23901m,86397s,19836e,Luxury Watch,890.53,durable,400,11,792.5717
18007b,66914h,14731i,Smartphone Case,804.22,affordable,1,7,747.9246
99388m,85760n,50061k,Vintage Sunglasses,557.38,affordable,804,7,518.3634
08152x,14791g,62437o,Leather Wallet,373.9,affordable,595,4,358.944
31647d,20878i,03773l,Leather Wallet,26.55,innovative,592,12,23.364
81393r,50551o,88965e,Leather Wallet,946.87,affordable,890,3,918.4639
97166y,66776y,09222r,Designer Handbag,762.76,durable,847,5,724.622
97039d,72101t,81732z,Designer Handbag,188.53,innovative,687,15,160.2505
55293b,32123q,50378w,Leather Wallet,991.74,stylish,18,20,793.392
06258b,92654f,84135e,Designer Handbag,763.31,innovative,779,8,702.2452
78553f,34903w,52673d,Leather Wallet,153.25,innovative,246,5,145.5875
25461y,17662r,41790d,Smartphone Case,663.84,innovative,75,17,550.9872
02964g,00985p,95549e,Leather Wallet,39.63,durable,804,3,38.4411
86204v,04006l,07131c,Smartphone Case,119.49,stylish,772,11,106.3461
79893m,89805h,37901o,Smartphone Case,816.07,durable,706,10,734.463
97940u,03921t,10432f,Designer Handbag,772.43,stylish,673,0,772.43
03266i,10650v,06974t,Luxury Watch,988.87,high quality,471,12,870.2056
72720w,40557n,19153u,Leather Wallet,877.79,affordable,443,17,728.5657
51131r,11228j,88346g,Designer Handbag,971.16,innovative,248,6,912.8904
55200l,86455l,08906g,Vintage Sunglasses,366.59,affordable,300,1,362.9241
05479v,98246y,58492s,Luxury Watch,870.37,affordable,960,12,765.9256
17644h,78942y,62715r,Leather Wallet,174.53,high quality,864,6,164.0582
84855v,45624d,44306d,Luxury Watch,561.65,affordable,265,4,539.184
41423j,20695o,18518g,Leather Wallet,968.21,stylish,150,13,842.3427
90103s,31522x,82808o,Vintage Sunglasses,495.72,durable,180,2,485.8056
48522p,86624w,92631w,Luxury Watch,953.39,high quality,1000,13,829.4493
72740g,23522i,29160r,Designer Handbag,186.22,durable,100,2,182.4956
84336s,06105j,60336o,Vintage Sunglasses,748.28,high quality,682,10,673.452
90780w,97447i,85449e,Designer Handbag,173.65,innovative,834,1,171.9135
30761q,85578z,67295f,Leather Wallet,293.82,innovative,639,11,261.4998
16518u,34624n,90161d,Luxury Watch,424.93,durable,719,18,348.4426
08021z,26540s,01220j,Vintage Sunglasses,797.76,stylish,885,16,670.1184
61955t,98598b,59537n,Smartphone Case,411.69,stylish,644,16,345.8196
48641s,24153c,95846c,Luxury Watch,737.96,stylish,648,11,656.7844
65757y,23407n,34479y,Luxury Watch,476.75,stylish,469,11,424.3075
29990w,13021f,32611q,Leather Wallet,165.94,affordable,414,16,139.3896
16434a,75194b,42209s,Luxury Watch,419.07,affordable,856,6,393.9258
23934g,71386f,42549c,Designer Handbag,663.11,durable,578,6,623.3234
30212s,43191y,77822s,Designer Handbag,539.99,innovative,2,6,507.5906
59583b,78414l,88489t,Luxury Watch,147.87,stylish,558,19,119.7747
44528h,09653q,14109b,Luxury Watch,428.46,stylish,347,12,377.0448
51466b,70090p,36271k,Smartphone Case,442.75,innovative,680,10,398.475
15192e,40603k,26571b,Leather Wallet,646.53,stylish,45,3,627.1341
48944p,04106x,50447u,Luxury Watch,333.95,durable,38,19,270.4995
26379g,81457n,67546m,Designer Handbag,444.28,affordable,678,13,386.5236
16772g,05558f,12909i,Vintage Sunglasses,572.3,high quality,930,16,480.732
61023d,80816f,21821a,Leather Wallet,3.34,high quality,949,19,2.7054
11547x,75855z,73524p,Smartphone Case,718.13,durable,466,8,660.6796
27610t,83042c,28180w,Designer Handbag,451.28,stylish,90,3,437.7416
95735u,56984r,59418h,Vintage Sunglasses,531.19,affordable,761,16,446.1996
33097p,79149j,50990m,Smartphone Case,697.09,stylish,915,11,620.4101
12888v,54159y,02366j,Smartphone Case,822.39,innovative,668,20,657.912
79250j,77417s,94935w,Luxury Watch,757.46,innovative,204,1,749.8854
28109y,12643d,07939l,Vintage Sunglasses,585.75,innovative,721,19,474.4575
08247p,78785s,31701q,Luxury Watch,289.21,durable,832,13,251.6127
01922q,21662a,04172a,Smartphone Case,394.06,high quality,123,18,323.1292
91941f,49212a,73609l,Vintage Sunglasses,830.31,stylish,467,12,730.6728
77200p,00960c,87363n,Designer Handbag,211.66,stylish,275,9,192.6106
14347g,96337c,79174g,Vintage Sunglasses,16.53,innovative,595,0,16.53
35681v,62372r,98533t,Smartphone Case,170.78,high quality,127,20,136.624
82220n,57264o,55344c,Leather Wallet,423.61,stylish,832,11,377.0129
86496p,10330l,80355d,Designer Handbag,647.56,innovative,597,1,641.0844
91632m,68940o,26256l,Luxury Watch,507.61,affordable,425,1,502.5339
23660z,10647p,79196j,Smartphone Case,19.71,affordable,240,20,15.768
46899m,24805o,72737r,Smartphone Case,816.21,innovative,807,3,791.7237
01828v,56876b,48878t,Smartphone Case,429.77,durable,567,12,378.1976
86182k,65700t,82264j,Leather Wallet,779.4,stylish,758,1,771.606
05367w,98717k,76328l,Leather Wallet,482.48,innovative,454,19,390.8088
29361s,71735r,76119w,Luxury Watch,866.61,innovative,488,19,701.9541
92267b,65476s,99186x,Vintage Sunglasses,832.47,stylish,654,20,665.976
13953g,48013y,00191d,Designer Handbag,655.21,innovative,25,6,615.8974
48719z,44554o,48231p,Luxury Watch,421.4,durable,978,18,345.548
02419z,08050n,19396g,Designer Handbag,621.79,durable,494,18,509.8678
13272s,57899o,28655t,Luxury Watch,181.64,high quality,241,14,156.2104
90942o,62559q,49820v,Smartphone Case,986.49,affordable,696,14,848.3814
82798u,64594w,04722d,Leather Wallet,887.37,stylish,376,7,825.2541
51276b,96620r,08153l,Vintage Sunglasses,134.5,durable,148,3,130.465
89341x,78418a,29322z,Smartphone Case,849.16,high quality,232,18,696.3112
93962r,94241l,44258i,Luxury Watch,737.83,high quality,86,15,627.1555
48325h,10171d,73811e,Leather Wallet,664.05,stylish,309,17,551.1615
16272j,31535f,87426x,Designer Handbag,797.65,stylish,567,10,717.885
95262j,86468k,35676o,Smartphone Case,348.7,high quality,131,1,345.213
79256r,02213h,86223d,Designer Handbag,8.6,innovative,427,0,8.6
58622y,83234u,37745d,Vintage Sunglasses,991.04,innovative,825,10,891.936
45408d,94395f,93474e,Designer Handbag,659.61,durable,322,1,653.0139
42765v,71336d,28312x,Leather Wallet,724.87,innovative,379,8,666.8804
17982t,27501h,06773m,Vintage Sunglasses,884.86,stylish,95,6,831.7684
53167r,39391q,52302f,Smartphone Case,706.48,affordable,825,9,642.8968
11613v,74726f,89348x,Vintage Sunglasses,882.5,innovative,508,19,714.825
14748l,99318s,21194j,Vintage Sunglasses,593.34,stylish,995,17,492.4722
28789g,58753n,55122f,Designer Handbag,830.09,high quality,879,9,755.3819
94034t,55399t,31735e,Luxury Watch,649.77,stylish,36,7,604.2861
03860c,80770u,85345g,Vintage Sunglasses,151.6,stylish,178,11,134.924
51338t,57604b,40955l,Luxury Watch,185.13,high quality,695,13,161.0631
83317s,38942h,41288u,Designer Handbag,514.41,innovative,412,10,462.969
07732l,05870t,61861a,Smartphone Case,21.09,high quality,829,14,18.1374
36687w,51354j,34210b,Smartphone Case,643.29,durable,584,16,540.3636
24473p,20569d,18684v,Luxury Watch,621.66,stylish,27,18,509.7612
15010t,66930s,48994g,Designer Handbag,936.16,affordable,804,19,758.2896
01591s,28627h,32212q,Leather Wallet,85.62,affordable,529,13,74.4894
67790s,46712l,59394j,Designer Handbag,280.56,high quality,264,1,277.7544
12399q,14664u,16261k,Designer Handbag,738.79,durable,290,5,701.8505
30459n,89636r,87603q,Designer Handbag,745.2,affordable,90,4,715.392
77904t,79894w,64691c,Designer Handbag,664.81,high quality,344,6,624.9214
11340a,96994v,61472d,Smartphone Case,311.33,durable,970,7,289.5369
76650a,43704w,20101n,Smartphone Case,272.16,high quality,91,11,242.2224
82453r,89661o,51626f,Leather Wallet,975.0,durable,981,17,809.25
12539l,83682a,24140a,Leather Wallet,602.57,affordable,326,6,566.4158
40313c,44733h,53673y,Luxury Watch,861.7,high quality,177,18,706.594
48950w,30831t,58036k,Vintage Sunglasses,323.74,high quality,585,20,258.992
21434t,85129w,85853l,Smartphone Case,631.11,stylish,294,17,523.8213
90513w,20974a,12139k,Vintage Sunglasses,298.26,high quality,893,19,241.5906
11710z,27208p,70910p,Smartphone Case,681.97,affordable,641,16,572.8548
96512k,25709l,43629t,Designer Handbag,34.06,stylish,654,8,31.3352
40083u,70512c,64888k,Smartphone Case,557.03,stylish,930,13,484.6161
43397v,06091d,14440t,Luxury Watch,364.84,innovative,703,1,361.1916
42545p,81202d,75290u,Luxury Watch,686.12,durable,833,5,651.814
08153l,86711b,54240h,Vintage Sunglasses,532.09,innovative,655,8,489.5228
48837x,74034x,32281n,Smartphone Case,533.87,high quality,105,14,459.1282
00949u,51713k,31776f,Smartphone Case,413.57,stylish,202,6,388.7558
92296y,12376l,73584n,Leather Wallet,524.04,innovative,527,16,440.1936
62816a,48386q,78327a,Designer Handbag,251.65,durable,754,2,246.617
73980t,09988u,85845y,Designer Handbag,813.45,high quality,223,13,707.7015
51574l,79498m,97644g,Luxury Watch,883.05,durable,172,13,768.2535
75985m,19599k,16803l,Leather Wallet,623.59,stylish,930,1,617.3541
46340h,23518n,56887e,Vintage Sunglasses,915.56,durable,385,2,897.2488
78427i,45766s,69817i,Smartphone Case,702.78,stylish,886,19,569.2518
03765e,02338l,66473q,Smartphone Case,159.69,affordable,479,9,145.3179
49404c,56364k,95318c,Leather Wallet,117.28,innovative,994,11,104.3792
12403s,96258x,73712w,Vintage Sunglasses,876.38,affordable,560,20,701.104
83063p,07277d,16575n,Luxury Watch,829.69,high quality,789,20,663.752
48235s,87327s,43226e,Luxury Watch,782.13,affordable,231,9,711.7383
60039i,73674c,20937i,Leather Wallet,102.56,affordable,970,14,88.2016
30307n,38777o,77980v,Designer Handbag,302.06,affordable,421,4,289.9776
04445f,36226g,66950p,Smartphone Case,942.23,high quality,272,15,800.8955
45532a,89695h,43928w,Leather Wallet,44.79,high quality,358,10,40.311
98930a,18647a,55688e,Designer Handbag,565.49,durable,207,20,452.392
18580z,23636z,38396n,Smartphone Case,316.27,innovative,960,20,253.016
59184c,54212a,06803w,Luxury Watch,91.31,innovative,753,19,73.9611
90509y,95282h,21386g,Smartphone Case,974.33,affordable,959,6,915.8702
18009o,13966p,85359k,Leather Wallet,682.81,affordable,956,10,614.529
79757o,42898s,16952b,Designer Handbag,2.44,high quality,767,15,2.074
64640v,45846g,03286p,Vintage Sunglasses,102.36,stylish,114,16,85.9824
32500k,63557g,08931y,Luxury Watch,708.27,stylish,408,16,594.9468
29265w,99286l,29778j,Smartphone Case,533.1,affordable,515,18,437.142
03536v,69020s,44648o,Luxury Watch,529.46,high quality,866,16,444.7464
03972k,27238k,52335e,Designer Handbag,660.15,affordable,872,19,534.7215
76271k,87754f,85750o,Smartphone Case,744.59,stylish,765,12,655.2392
41496r,82206t,67597w,Smartphone Case,59.78,affordable,487,7,55.5954
66375m,92411r,23977p,Designer Handbag,453.71,affordable,913,12,399.2648
72966m,90687g,22927t,Luxury Watch,389.83,innovative,834,9,354.7453
88324m,84508z,62728s,Vintage Sunglasses,576.55,affordable,801,9,524.6605
84079k,11332c,76697m,Smartphone Case,572.58,stylish,517,8,526.7736
18493x,89114w,00010u,Designer Handbag,798.25,affordable,628,13,694.4775
58258f,22446e,86632n,Vintage Sunglasses,68.53,affordable,604,13,59.6211
09165t,86522l,01557t,Designer Handbag,750.15,innovative,374,8,690.138
23262r,39731j,63428m,Vintage Sunglasses,425.21,durable,590,13,369.9327
49455d,69893t,47064y,Luxury Watch,422.58,affordable,898,3,409.9026
47006m,61175n,10512u,Smartphone Case,349.39,stylish,973,4,335.4144
14329n,56749k,05902i,Designer Handbag,923.34,high quality,271,10,831.006
95208m,66702h,30111s,Luxury Watch,366.99,stylish,51,15,311.9415
86375s,90602p,46442g,Designer Handbag,489.42,durable,392,18,401.3244
48721h,30727k,98636k,Leather Wallet,932.9,stylish,227,10,839.61
45918f,82522u,76097l,Luxury Watch,845.75,affordable,184,3,820.3775
35554f,66061d,85288h,Luxury Watch,994.71,durable,271,19,805.7151
57520p,26948z,52838v,Leather Wallet,636.26,affordable,371,0,636.26
43243y,26790w,16994j,Vintage Sunglasses,641.35,affordable,351,19,519.4935
26733s,64169j,59665v,Designer Handbag,712.93,innovative,178,5,677.2835
06503l,71610i,84054m,Luxury Watch,58.02,durable,633,8,53.3784
02822q,63524y,78540m,Vintage Sunglasses,263.01,high quality,258,20,210.408
01878z,70377j,82036g,Luxury Watch,551.2,innovative,544,8,507.104
07340l,03573g,12787g,Vintage Sunglasses,756.88,innovative,118,4,726.6048
06243o,27958v,83766v,Designer Handbag,188.27,stylish,28,17,156.2641
93568t,61560f,62245r,Designer Handbag,144.72,innovative,348,15,123.012
26693g,26992u,91837h,Leather Wallet,53.25,high quality,216,9,48.4575
45454c,21366n,48530z,Vintage Sunglasses,488.46,innovative,556,9,444.4986
86473i,15649q,48887o,Smartphone Case,800.15,stylish,926,19,648.1215
90261a,84944s,77124r,Vintage Sunglasses,427.9,affordable,58,6,402.226
70483i,88923e,36942w,Smartphone Case,896.46,high quality,621,11,797.8494
35029o,85387c,53838w,Leather Wallet,486.1,stylish,843,9,442.351
02217p,55229z,23019b,Designer Handbag,296.05,innovative,635,16,248.682
18679i,30271o,08360p,Smartphone Case,137.65,high quality,991,16,115.626
96275b,40979a,23192t,Smartphone Case,559.31,stylish,914,11,497.7859
45451f,28080r,91081t,Luxury Watch,162.19,high quality,990,2,158.9462
02504l,67003p,53360a,Designer Handbag,256.15,affordable,959,19,207.4815
59849z,57871c,44095y,Designer Handbag,325.12,high quality,500,17,269.8496
22088d,61859o,23270h,Smartphone Case,851.89,high quality,6,9,775.2199
13002s,89968b,14857u,Designer Handbag,919.74,high quality,459,0,919.74
13448h,98373f,79565g,Vintage Sunglasses,865.59,affordable,251,1,856.9341
50254k,26489d,17166m,Luxury Watch,200.85,innovative,588,15,170.7225
32301g,74314c,33062v,Designer Handbag,255.03,durable,957,2,249.9294
55979c,16147g,29493j,Luxury Watch,732.75,durable,823,9,666.8025
22155p,67277j,16516l,Vintage Sunglasses,688.88,innovative,112,14,592.4368
10758w,68377r,99703e,Smartphone Case,439.56,stylish,750,19,356.0436
27524e,78985a,80966h,Vintage Sunglasses,133.93,stylish,999,10,120.537
86604i,41621n,11054s,Vintage Sunglasses,502.53,durable,721,6,472.3782
03142r,46084u,24169z,Designer Handbag,780.12,durable,720,14,670.9032
28861u,18430l,25170d,Leather Wallet,356.55,durable,28,17,295.9365
08833b,70980g,61741m,Vintage Sunglasses,555.04,stylish,872,8,510.6368
77253i,12766o,79097s,Designer Handbag,806.91,stylish,27,2,790.7718
22917e,20433c,54422q,Smartphone Case,196.74,durable,90,2,192.8052
98262d,55378c,44374o,Vintage Sunglasses,575.96,affordable,514,3,558.6812
63474e,24144s,72240j,Smartphone Case,260.86,affordable,881,17,216.5138
86378n,39117f,66419n,Designer Handbag,213.88,durable,177,8,196.7696
28321k,55413j,69952n,Smartphone Case,765.65,durable,996,16,643.146
68164f,07599o,39614r,Luxury Watch,841.28,affordable,537,17,698.2624
97245p,62415f,90307w,Designer Handbag,650.57,stylish,62,9,592.0187
62095r,82240l,82902z,Smartphone Case,871.41,innovative,795,2,853.9818
58721m,67815n,27640q,Smartphone Case,665.62,high quality,309,7,619.0266
33694r,65803d,77518a,Luxury Watch,689.45,durable,666,11,613.6105
18917x,95118v,19449d,Vintage Sunglasses,503.43,high quality,316,20,402.744
87178z,54308v,79658q,Smartphone Case,136.64,affordable,451,2,133.9072
26479m,76191n,33308m,Smartphone Case,690.73,high quality,936,12,607.8424
57122w,13101g,98928y,Designer Handbag,784.35,affordable,858,13,682.3845
68826l,07177u,00027m,Luxury Watch,548.08,durable,722,18,449.4256
72824i,62485n,74535x,Leather Wallet,241.81,durable,372,1,239.3919
87774s,65975z,07897u,Smartphone Case,482.64,durable,93,12,424.7232
89325l,41718t,57431s,Vintage Sunglasses,34.33,high quality,61,13,29.8671
24926f,00764r,43545r,Vintage Sunglasses,187.29,affordable,996,20,149.832
84571n,85356y,75073q,Vintage Sunglasses,668.57,durable,789,19,541.5417
69104c,10392p,14081j,Designer Handbag,398.42,high quality,73,19,322.7202
27881i,94003j,44813y,Designer Handbag,988.94,affordable,162,19,801.0414
85541m,75224t,39096c,Luxury Watch,589.8,high quality,922,11,524.922
42143g,01376h,42025t,Luxury Watch,964.76,durable,853,0,964.76
74349g,20214w,10608l,Vintage Sunglasses,434.23,stylish,555,20,347.384
54929h,53870h,44247l,Vintage Sunglasses,228.64,innovative,467,15,194.344
41697a,36736j,38741j,Luxury Watch,749.7,stylish,653,20,599.76
57543i,30035x,46092b,Leather Wallet,106.92,affordable,170,18,87.6744
49803y,46533p,69645r,Luxury Watch,647.35,high quality,300,8,595.562
27620p,84942j,97377v,Luxury Watch,139.74,innovative,890,6,131.3556
41396y,16179n,57525o,Vintage Sunglasses,164.26,durable,126,1,162.6174
52863e,07614h,61611i,Vintage Sunglasses,110.17,high quality,950,13,95.8479
03158h,05023t,49251u,Luxury Watch,65.55,high quality,473,16,55.062
73131q,05792l,50656k,Vintage Sunglasses,564.36,high quality,104,17,468.4188
65316i,58823o,47873p,Vintage Sunglasses,712.49,affordable,841,2,698.2402
70754t,00500r,48198w,Vintage Sunglasses,206.07,affordable,355,2,201.9486
62714b,86325w,97319k,Smartphone Case,753.81,affordable,685,7,701.0433
95866y,94944h,92870z,Vintage Sunglasses,694.78,stylish,197,11,618.3542
31013s,11750l,44648w,Designer Handbag,457.63,stylish,577,17,379.8329
80235n,62462g,98452h,Designer Handbag,323.69,high quality,113,11,288.0841
28416e,20541c,27132l,Luxury Watch,134.64,high quality,106,20,107.712
57901g,56594u,59351y,Luxury Watch,395.27,innovative,849,15,335.9795
38972c,02240a,99247s,Smartphone Case,926.02,high quality,128,17,768.5966
28134k,11903g,91588m,Smartphone Case,391.85,innovative,547,3,380.0945
97105j,98674o,11415t,Leather Wallet,997.82,innovative,393,18,818.2124
33013n,33766k,73356g,Designer Handbag,816.42,stylish,630,20,653.136
41802i,13375s,24021w,Smartphone Case,708.54,stylish,267,5,673.113
83255f,75694v,57430n,Designer Handbag,600.94,affordable,315,20,480.752
65892e,45033f,78085f,Leather Wallet,159.75,durable,183,2,156.555
36717o,12067u,69557j,Vintage Sunglasses,54.29,stylish,200,3,52.6613
79010u,92229b,60317d,Smartphone Case,192.26,affordable,926,2,188.4148
73312z,31668c,85585i,Luxury Watch,896.15,durable,622,16,752.766
82438q,54529b,18849d,Vintage Sunglasses,597.8,high quality,205,17,496.174
13271g,68619a,08604z,Luxury Watch,454.29,stylish,74,9,413.4039
00191b,83610y,92007y,Vintage Sunglasses,954.25,high quality,551,1,944.7075
60377b,97220z,36400a,Designer Handbag,883.04,affordable,775,5,838.888
29520e,35796d,49261j,Vintage Sunglasses,184.29,affordable,688,18,151.1178
11447n,63494z,66442e,Vintage Sunglasses,713.46,innovative,16,14,613.5756
12662q,25049f,10776y,Smartphone Case,968.51,affordable,493,6,910.3994
56100u,74357y,69458u,Vintage Sunglasses,506.65,innovative,670,12,445.852
94157s,64052y,52679b,Leather Wallet,363.55,innovative,847,4,349.008
90888f,39092a,83682t,Vintage Sunglasses,736.54,innovative,84,17,611.3282
84489i,37049f,15273e,Smartphone Case,295.13,durable,419,5,280.3735
12383h,18573b,85247e,Smartphone Case,640.92,durable,782,8,589.6464
21538m,85271b,56602j,Smartphone Case,848.61,high quality,373,1,840.1239
65526t,02535j,35825w,Designer Handbag,280.09,affordable,516,6,263.2846
60887k,09143f,32932a,Leather Wallet,871.55,stylish,879,6,819.257
09548l,76653i,55241v,Leather Wallet,765.36,durable,55,4,734.7456
25670f,81404w,28241d,Leather Wallet,220.69,affordable,241,6,207.4486
55041d,51305r,27606s,Smartphone Case,507.16,affordable,320,3,491.9452
43046g,06603v,52455p,Smartphone Case,479.33,affordable,108,17,397.8439
49083n,74351n,33769k,Smartphone Case,696.47,stylish,848,17,578.0701
34159x,15997u,22780y,Smartphone Case,645.96,durable,201,20,516.768
88799j,85746z,35925f,Luxury Watch,447.23,high quality,526,13,389.0901
97881s,25513f,26504c,Designer Handbag,554.41,stylish,190,7,515.6013
66878l,51556c,72269e,Luxury Watch,452.44,affordable,865,20,361.952
29052v,86666z,06618w,Designer Handbag,754.52,affordable,598,5,716.794
70270i,58654b,97697d,Designer Handbag,128.89,durable,47,5,122.4455
01382p,42961k,00512c,Vintage Sunglasses,914.53,stylish,87,2,896.2394
42864l,78838t,61312h,Vintage Sunglasses,715.22,high quality,20,1,708.0678
32248e,28843z,73902o,Luxury Watch,853.25,affordable,831,12,750.86
94005m,89654a,07645v,Leather Wallet,588.85,durable,818,1,582.9615
06844g,98729p,19018l,Luxury Watch,132.68,stylish,135,17,110.1244
75697k,72896u,17401i,Vintage Sunglasses,929.66,affordable,563,6,873.8804
23436w,81702n,87008x,Leather Wallet,628.74,affordable,745,20,502.992
88624s,73931k,79418c,Vintage Sunglasses,843.29,durable,663,4,809.5584
23534t,69058w,44020p,Luxury Watch,524.62,affordable,414,14,451.1732
81269h,83082b,58406e,Vintage Sunglasses,153.95,stylish,139,6,144.713
54304y,09359b,57261h,Leather Wallet,741.68,durable,863,20,593.344
66553y,99388q,97751p,Luxury Watch,510.12,high quality,814,14,438.7032
10080o,81700x,29702h,Smartphone Case,473.15,high quality,74,2,463.687
18715t,14495l,77767t,Vintage Sunglasses,742.41,innovative,962,20,593.928
42339z,89619n,52988p,Smartphone Case,415.73,high quality,27,6,390.7862
50693x,94130o,10057s,Designer Handbag,840.73,affordable,664,5,798.6935
33417k,29881y,27930u,Vintage Sunglasses,402.41,innovative,973,15,342.0485
97437a,40908f,83980c,Smartphone Case,305.55,affordable,89,17,253.6065
23641e,76649l,28082n,Leather Wallet,615.36,high quality,791,12,541.5168
49164x,77257w,43800u,Designer Handbag,852.58,innovative,150,11,758.7962
60618m,61237z,49437q,Leather Wallet,67.11,stylish,527,0,67.11
57911b,71162a,30941e,Smartphone Case,867.2,stylish,633,7,806.496
45734c,46725q,22375y,Smartphone Case,606.87,high quality,68,6,570.4578
79917x,65363r,67723t,Leather Wallet,580.96,affordable,645,3,563.5312
02087e,97868l,79225o,Vintage Sunglasses,471.35,stylish,87,5,447.7825
98700o,12996r,75025q,Luxury Watch,564.13,innovative,290,11,502.0757
16212p,90842d,81729r,Leather Wallet,843.73,innovative,689,11,750.9197
66828p,76315d,74813l,Designer Handbag,981.47,durable,203,18,804.8054
14347m,72142j,76502t,Designer Handbag,547.18,durable,303,13,476.0466
05111e,72958k,49336q,Smartphone Case,952.64,durable,196,9,866.9024
56032s,11074x,27547q,Luxury Watch,500.91,innovative,569,9,455.8281
33742a,40889j,04484q,Luxury Watch,731.2,durable,361,4,701.952
38659s,54400o,64009w,Vintage Sunglasses,455.74,stylish,815,1,451.1826
93249b,85687o,09766m,Designer Handbag,154.65,durable,54,18,126.813
78247c,90676r,61920u,Designer Handbag,107.8,stylish,525,2,105.644
08762q,36139c,94213s,Leather Wallet,235.21,innovative,66,8,216.3932
08871j,09072c,69486x,Leather Wallet,285.55,affordable,391,2,279.839
03139l,61997p,55800x,Luxury Watch,71.75,innovative,726,8,66.01
37863s,68695l,71913u,Leather Wallet,807.63,affordable,642,14,694.5618
19351f,35002v,22475s,Luxury Watch,466.38,innovative,317,17,387.0954
31281q,08316v,71951o,Designer Handbag,504.11,durable,522,4,483.9456
08323l,93043i,47595b,Leather Wallet,36.99,innovative,909,16,31.0716
17006a,76078g,74047u,Smartphone Case,206.12,affordable,707,20,164.896
88401n,28125y,97031o,Smartphone Case,82.59,affordable,64,8,75.9828
17060g,21925w,73782o,Smartphone Case,479.7,affordable,243,16,402.948
79581f,11986h,46570o,Leather Wallet,567.4,stylish,399,12,499.312
73862b,91536z,79336h,Leather Wallet,854.55,stylish,281,11,760.5495
52457x,40651z,10583h,Designer Handbag,262.87,innovative,882,19,212.9247
09764y,95851d,97302p,Designer Handbag,617.47,innovative,371,17,512.5001
85122t,47768u,04354c,Leather Wallet,988.89,affordable,614,5,939.4455
43755h,55373p,30146l,Leather Wallet,554.88,affordable,49,3,538.2336
92125f,02141e,45911j,Luxury Watch,923.32,innovative,888,1,914.0868
36152e,67887s,73163x,Smartphone Case,897.33,innovative,468,9,816.5703
62602y,03715h,75611l,Vintage Sunglasses,317.33,innovative,531,4,304.6368
69847w,43410v,71638g,Leather Wallet,753.54,innovative,990,2,738.4692
94045v,19521z,12505w,Luxury Watch,665.77,affordable,599,11,592.5353
54928k,48934p,89239t,Smartphone Case,689.09,affordable,563,8,633.9628
47003j,33258e,00302u,Smartphone Case,454.18,innovative,236,3,440.5546
32103d,25199r,68132i,Luxury Watch,385.87,stylish,19,2,378.1526
38740v,79655s,21604e,Smartphone Case,224.75,affordable,52,6,211.265
80717a,63056f,63257d,Smartphone Case,778.17,affordable,732,13,677.0079
15918j,16411c,49558t,Luxury Watch,634.89,high quality,121,10,571.401
09811s,21698b,85387g,Leather Wallet,737.55,durable,684,13,641.6685
74363w,80254i,04911e,Smartphone Case,148.83,high quality,381,15,126.5055
85562d,79676a,21460h,Smartphone Case,284.76,stylish,87,20,227.808
95721w,79789s,40730o,Luxury Watch,962.5,stylish,454,2,943.25
49147g,91784g,24149q,Leather Wallet,600.71,durable,271,5,570.6745
31081u,49647j,70749o,Designer Handbag,643.79,durable,849,19,521.4699
68821b,61036x,35462h,Smartphone Case,790.93,high quality,648,10,711.837
53817k,67853e,43134x,Luxury Watch,319.37,affordable,446,12,281.0456
41656u,11803t,41784f,Designer Handbag,41.4,high quality,657,5,39.33
10581i,35053p,03860y,Smartphone Case,466.72,durable,370,13,406.0464
80543o,96891t,30463q,Leather Wallet,26.3,affordable,82,5,24.985
65511h,38951h,43754s,Designer Handbag,667.44,affordable,83,14,573.9984
65815o,23657w,19152e,Leather Wallet,667.42,affordable,207,14,573.9812
97216f,57739s,77927n,Leather Wallet,970.31,stylish,603,8,892.6852
76316t,38802z,43741r,Leather Wallet,203.81,durable,429,1,201.7719
11102z,25731p,38491i,Designer Handbag,497.35,affordable,484,14,427.721
11725q,81037c,98260f,Smartphone Case,44.99,durable,110,12,39.5912
81726b,79030h,17611y,Designer Handbag,964.23,stylish,854,11,858.1647
03578g,45516y,70488n,Designer Handbag,685.2,affordable,583,5,650.94
95143y,51883k,98978k,Smartphone Case,661.11,innovative,236,17,548.7213
64688u,37867o,94844w,Luxury Watch,519.93,affordable,773,9,473.1363
26482r,07236t,17096i,Designer Handbag,27.97,stylish,711,3,27.1309
85288c,94993c,17494r,Vintage Sunglasses,362.43,stylish,219,2,355.1814
84145y,47777e,09196m,Luxury Watch,949.72,durable,696,2,930.7256
58711q,66745d,47980d,Leather Wallet,233.87,innovative,50,6,219.8378
31017v,98265l,13161l,Leather Wallet,168.5,stylish,599,12,148.28
38182z,90108r,83884r,Leather Wallet,929.29,high quality,559,18,762.0178
87033j,12206k,00637o,Vintage Sunglasses,925.08,affordable,981,18,758.5656
95782s,97429m,31101j,Leather Wallet,448.15,innovative,607,18,367.483
08907n,98709f,92650u,Smartphone Case,176.2,stylish,249,7,163.866
59263e,35397g,54787c,Designer Handbag,367.47,stylish,593,17,305.0001
95108x,74093l,62041b,Luxury Watch,628.6,affordable,310,18,515.452
74380y,48801c,13802u,Leather Wallet,756.0,affordable,408,9,687.96
67441p,81787n,48124m,Luxury Watch,112.68,innovative,474,18,92.3976
43080k,78260u,76614q,Smartphone Case,716.58,innovative,929,1,709.4142
80008z,12772c,07348t,Vintage Sunglasses,59.8,affordable,940,16,50.232
65789o,62646o,46904d,Designer Handbag,310.16,innovative,202,17,257.4328
17758t,29639r,48672x,Luxury Watch,786.56,affordable,965,14,676.4416
90906i,24501p,41878t,Vintage Sunglasses,840.05,affordable,436,0,840.05
46592x,84336g,03270p,Smartphone Case,174.01,high quality,199,9,158.3491
73353c,76029m,65217y,Luxury Watch,494.91,innovative,874,15,420.6735
43301p,85214o,12280p,Leather Wallet,947.48,high quality,62,18,776.9336
21567o,54566o,34784x,Smartphone Case,161.05,high quality,736,8,148.166
27462i,80755r,73098i,Vintage Sunglasses,23.31,durable,561,3,22.6107
99922f,79748j,63208r,Leather Wallet,779.93,innovative,13,14,670.7398
43762m,82257a,92618m,Designer Handbag,697.42,durable,394,2,683.4716
56588v,32382g,46945x,Leather Wallet,821.39,high quality,672,5,780.3205
51874j,60373x,78800r,Vintage Sunglasses,742.86,innovative,839,5,705.717
55052y,65118u,49551u,Luxury Watch,65.31,durable,583,15,55.5135
71175g,54652n,78905q,Smartphone Case,611.97,durable,39,5,581.3715
29924s,47802i,46985o,Luxury Watch,79.19,high quality,599,5,75.2305
17452z,75027y,90278c,Smartphone Case,868.5,high quality,675,14,746.91
31996g,21759o,08374c,Vintage Sunglasses,440.22,affordable,469,4,422.6112
43676o,52927q,50019u,Smartphone Case,173.31,stylish,213,2,169.8438
20047v,01614e,98454w,Luxury Watch,121.11,stylish,961,2,118.6878
18581p,78601y,07012r,Smartphone Case,386.5,high quality,805,16,324.66
96498k,58517b,63247r,Leather Wallet,916.71,high quality,601,20,733.368
35665p,17730l,08339c,Designer Handbag,818.22,durable,554,20,654.576
88406y,94465r,25439m,Smartphone Case,591.81,durable,128,0,591.81
61717i,47888i,98875j,Luxury Watch,34.22,stylish,188,11,30.4558
10932q,00162b,08416l,Smartphone Case,239.8,innovative,418,4,230.208
68657m,56183z,93278h,Vintage Sunglasses,673.43,durable,706,0,673.43
07250j,21060m,61396j,Vintage Sunglasses,369.95,durable,80,6,347.753
99691d,27032k,40150i,Designer Handbag,516.68,high quality,769,10,465.012
37758b,28962a,65407w,Leather Wallet,289.96,high quality,440,12,255.1648
09583m,84554e,21685p,Luxury Watch,57.91,innovative,593,3,56.1727
29907w,49995f,72880k,Designer Handbag,55.01,affordable,934,13,47.8587
68439l,21856k,62828i,Designer Handbag,499.03,high quality,1000,4,479.0688
17019q,37704s,39838e,Smartphone Case,385.46,high quality,222,12,339.2048
84499m,46117y,91082t,Designer Handbag,335.84,high quality,825,14,288.8224
48724h,89119d,11295j,Smartphone Case,285.86,stylish,391,5,271.567
49389h,76580j,41984p,Smartphone Case,378.85,innovative,126,1,375.0615
45662h,27142f,81753k,Luxury Watch,724.71,innovative,123,2,710.2158
41112u,03627i,67935g,Leather Wallet,25.21,stylish,326,1,24.9579
11731r,52909d,44233t,Smartphone Case,455.08,innovative,171,9,414.1228
71926o,08538i,82707e,Luxury Watch,77.77,durable,761,2,76.2146
63196m,25984m,47129h,Vintage Sunglasses,667.07,affordable,763,10,600.363
48060h,50742g,92416n,Vintage Sunglasses,774.76,affordable,313,4,743.7696
78840e,07409w,47471z,Vintage Sunglasses,100.43,stylish,805,2,98.4214
81166d,31507m,81816d,Leather Wallet,935.21,durable,461,15,794.9285
79467h,69440m,37124c,Luxury Watch,321.0,affordable,878,0,321.0
85160j,04163e,66346e,Vintage Sunglasses,207.67,durable,981,18,170.2894
33185b,71186m,79120z,Designer Handbag,807.28,affordable,208,9,734.6248
99864u,10532i,55590k,Luxury Watch,410.18,stylish,826,14,352.7548
74599o,93794s,48952r,Luxury Watch,500.19,durable,889,0,500.19
71388b,16573t,08163i,Smartphone Case,237.32,affordable,139,10,213.588
48397q,00547v,54041w,Luxury Watch,798.65,stylish,367,0,798.65
00966l,41788i,08253r,Luxury Watch,291.26,high quality,964,11,259.2214
82302l,39914i,89186m,Vintage Sunglasses,278.23,durable,450,0,278.23
11599w,18333j,50211h,Luxury Watch,279.68,high quality,602,4,268.4928
77742v,12596s,72944r,Smartphone Case,378.96,high quality,433,7,352.4328
72570i,00580e,36052d,Luxury Watch,634.51,high quality,113,6,596.4394
99124a,89953j,08554p,Luxury Watch,245.93,innovative,209,1,243.4707
82608v,12226w,16681f,Designer Handbag,892.17,high quality,239,10,802.953
80700l,61786n,19644h,Designer Handbag,213.05,durable,581,16,178.962
46975z,55685g,15634s,Smartphone Case,611.91,innovative,429,6,575.1954
00928h,90900n,14878j,Vintage Sunglasses,416.41,stylish,72,7,387.2613
19899u,91302l,29735p,Leather Wallet,542.4,high quality,974,7,504.432
66475u,71169y,26082y,Smartphone Case,414.79,high quality,238,10,373.311
37404b,72636e,02339k,Smartphone Case,952.44,high quality,427,10,857.196
37973s,98401g,84775m,Leather Wallet,850.81,stylish,113,16,714.6804
98657c,61952l,74772i,Leather Wallet,681.06,high quality,287,0,681.06
61205p,27637s,70619i,Leather Wallet,215.3,innovative,173,9,195.923
30463v,35078m,72233e,Leather Wallet,78.78,innovative,707,5,74.841
81608r,94039v,24257w,Smartphone Case,779.13,stylish,170,5,740.1735
47363t,17348e,14332u,Vintage Sunglasses,807.36,durable,894,2,791.2128
95730r,30555b,51955e,Smartphone Case,835.43,durable,332,6,785.3042
62752c,68487j,61029t,Vintage Sunglasses,692.03,high quality,640,8,636.6676
75314g,11405l,75665l,Leather Wallet,33.37,innovative,123,3,32.3689
43291m,43558p,92162o,Leather Wallet,845.5,durable,696,19,684.855
31463j,24457b,25519n,Luxury Watch,823.82,durable,250,2,807.3436
65689m,40427y,15464o,Smartphone Case,618.34,stylish,988,4,593.6064
04473d,94334k,47626o,Designer Handbag,447.95,affordable,891,9,407.6345
18705n,36676f,51698b,Vintage Sunglasses,412.47,high quality,852,12,362.9736
31009s,23728d,91481o,Smartphone Case,685.11,durable,397,3,664.5567
49760z,56452g,82981g,Smartphone Case,453.91,innovative,350,19,367.6671
81977v,39338c,97708g,Smartphone Case,548.41,stylish,144,9,499.0531
31223k,77521x,64823u,Luxury Watch,633.06,innovative,642,20,506.448
77841y,75659c,69306q,Smartphone Case,683.13,durable,186,19,553.3353
88961k,76587y,58455w,Smartphone Case,801.35,high quality,749,9,729.2285
17385u,35517c,92698i,Designer Handbag,532.72,high quality,32,12,468.7936
44128m,46854z,92160n,Luxury Watch,62.11,stylish,382,20,49.688
10194x,51014d,34655j,Vintage Sunglasses,323.81,stylish,88,6,304.3814
34946b,12215d,61690l,Designer Handbag,729.26,affordable,745,10,656.334
94282w,33228h,72135p,Vintage Sunglasses,223.35,stylish,2,10,201.015
91132o,75767w,24409d,Smartphone Case,854.98,stylish,59,17,709.6334
91871e,66505c,06386i,Smartphone Case,881.27,durable,313,11,784.3303
10661b,39101o,23321i,Leather Wallet,850.56,durable,665,5,808.032
74828a,45436s,39935z,Luxury Watch,514.47,innovative,920,7,478.4571
68545m,64266k,38706s,Smartphone Case,792.07,stylish,592,15,673.2595
94503k,30128r,74801v,Smartphone Case,381.54,stylish,372,6,358.6476
14646d,46216r,84827k,Luxury Watch,379.74,affordable,202,14,326.5764
35146p,26076u,49912j,Designer Handbag,779.25,affordable,832,0,779.25
22751f,23392m,05069j,Leather Wallet,541.94,high quality,623,13,471.4878
44087x,01183e,79867c,Luxury Watch,122.35,stylish,989,14,105.221
44517l,31001e,45498g,Luxury Watch,346.28,innovative,990,1,342.8172
38081r,13679i,96297b,Smartphone Case,938.98,stylish,87,10,845.082
74471j,54947j,30634q,Luxury Watch,30.39,affordable,660,4,29.1744
24660w,78382y,78067a,Leather Wallet,669.13,innovative,8,10,602.217
08081n,71537j,49075x,Leather Wallet,821.07,stylish,861,19,665.0667
88422e,10170s,33812i,Leather Wallet,687.16,durable,362,12,604.7008
24580z,63169h,79822g,Leather Wallet,65.63,high quality,537,1,64.9737
66142m,43342s,55808w,Designer Handbag,400.33,innovative,881,1,396.3267
01946k,25842h,36783g,Vintage Sunglasses,832.46,stylish,326,17,690.9418
91513l,75764j,65536q,Luxury Watch,500.0,innovative,382,9,455.0
15809v,83634n,81177g,Smartphone Case,64.41,affordable,887,16,54.1044
38658d,97870l,91362u,Vintage Sunglasses,943.27,high quality,326,10,848.943
72743t,85474k,12608w,Luxury Watch,678.91,innovative,6,1,672.1209
94443q,38621y,72851c,Designer Handbag,54.6,durable,213,11,48.594
69669c,99911t,67586m,Smartphone Case,749.44,innovative,260,6,704.4736
66261e,34281i,78427l,Vintage Sunglasses,720.61,innovative,686,3,698.9917
52357w,99663h,96212w,Luxury Watch,231.34,innovative,741,6,217.4596
95730h,74486g,92580q,Designer Handbag,337.28,affordable,467,5,320.416
71946p,75072o,16023b,Luxury Watch,501.82,high quality,581,17,416.5106
89721h,23706c,75959f,Designer Handbag,430.12,durable,143,11,382.8068
46122k,79816y,86545p,Designer Handbag,199.71,innovative,534,7,185.7303
66697d,26754o,86753t,Luxury Watch,455.99,innovative,142,13,396.7113
97834s,86854e,93873s,Smartphone Case,154.72,high quality,793,7,143.8896
82545o,42412z,74596b,Luxury Watch,385.5,durable,539,10,346.95
37535u,80714b,68952f,Vintage Sunglasses,805.6,affordable,499,9,733.096
23682d,12671u,34520v,Leather Wallet,290.59,high quality,72,16,244.0956
46388h,46621j,55363a,Luxury Watch,572.4,stylish,973,2,560.952
11736w,92430h,86653g,Designer Handbag,776.72,high quality,501,17,644.6776
37469r,85778e,49418w,Leather Wallet,132.46,high quality,567,7,123.1878
76323z,11470o,56123l,Luxury Watch,981.62,stylish,413,15,834.377
83187e,54965o,15170s,Leather Wallet,828.43,affordable,57,6,778.7242
27256z,34831n,49999n,Luxury Watch,636.56,affordable,182,16,534.7104
56983o,14893u,51124w,Designer Handbag,950.02,innovative,699,18,779.0164
60666s,83329r,68719r,Designer Handbag,179.68,high quality,723,13,156.3216
72844w,84829u,77650e,Leather Wallet,690.26,durable,855,18,566.0132
05213m,25391c,67151o,Vintage Sunglasses,666.05,affordable,399,13,579.4635
57327v,43922b,01141r,Leather Wallet,9.94,innovative,631,13,8.6478
43468z,94386t,54911n,Vintage Sunglasses,92.78,stylish,677,5,88.141
43699q,33543b,83744r,Luxury Watch,919.11,durable,997,19,744.4791
84394s,72584x,28413o,Designer Handbag,522.88,high quality,888,7,486.2784
80797f,55411x,85372q,Vintage Sunglasses,888.76,affordable,245,10,799.884
58876p,89910k,03283u,Luxury Watch,823.9,innovative,374,10,741.51
64358h,37678p,62169c,Designer Handbag,951.47,stylish,519,19,770.6907
86043u,55669g,98864n,Smartphone Case,348.54,innovative,995,20,278.832
57636d,94851l,62310m,Leather Wallet,419.73,stylish,999,12,369.3624
85975h,95946c,29160j,Vintage Sunglasses,791.37,affordable,454,11,704.3193
73297x,56917f,42620r,Luxury Watch,29.96,durable,402,15,25.466
29904d,09029h,67016j,Smartphone Case,577.72,stylish,13,4,554.6112
13109p,93164l,92282x,Smartphone Case,728.48,high quality,421,10,655.632
34770n,09003s,60268t,Leather Wallet,792.0,stylish,911,20,633.6
92508c,67754e,63859y,Smartphone Case,998.63,innovative,872,4,958.6848
51418n,45762f,85400e,Smartphone Case,208.11,stylish,50,4,199.7856
21977x,87507h,76574l,Smartphone Case,519.89,high quality,176,11,462.7021
05137c,71664o,88917i,Leather Wallet,440.08,affordable,236,20,352.064
80280p,41119k,08776h,Leather Wallet,57.63,stylish,855,2,56.4774
87040r,65165u,73572i,Luxury Watch,748.35,stylish,527,4,718.416
51755w,43384y,76129e,Leather Wallet,420.58,stylish,228,14,361.6988
18876g,52786z,51480t,Designer Handbag,25.88,stylish,372,12,22.7744
70023r,80677i,67231f,Designer Handbag,910.92,high quality,96,7,847.1556
11803l,44264h,84524n,Smartphone Case,257.71,durable,722,2,252.5558
36951c,45403a,58278v,Vintage Sunglasses,602.3,high quality,151,12,530.024
98269i,52403m,48485k,Designer Handbag,206.89,durable,261,14,177.9254
38965u,62759g,43542g,Luxury Watch,549.37,high quality,368,19,444.9897
40407r,18963n,42862j,Designer Handbag,728.77,stylish,362,3,706.9069
41402x,97746n,60269v,Smartphone Case,290.24,affordable,871,17,240.8992
41028q,19254v,52948h,Designer Handbag,787.65,innovative,339,20,630.12
84477e,34502u,53390o,Leather Wallet,896.08,high quality,358,15,761.668
02600s,88339u,30741q,Leather Wallet,26.98,innovative,603,16,22.6632
79280g,42893y,88992q,Luxury Watch,992.61,affordable,895,4,952.9056
41242t,69326j,61628a,Leather Wallet,566.12,affordable,343,19,458.5572
96422t,06624d,81981h,Designer Handbag,20.34,stylish,855,16,17.0856
07333g,74052j,90702f,Vintage Sunglasses,329.05,high quality,772,18,269.821
66510m,46318z,10340f,Designer Handbag,639.26,durable,378,12,562.5488
29646t,45063z,20517m,Designer Handbag,974.15,stylish,36,3,944.9255
91756v,02142r,24062o,Designer Handbag,433.69,stylish,441,12,381.6472
85933v,23478m,14903h,Leather Wallet,548.16,stylish,68,5,520.752
77619e,80456y,24734h,Leather Wallet,697.58,affordable,79,12,613.8704
08415n,25086m,88941c,Leather Wallet,378.38,durable,392,16,317.8392
54367q,73286c,68006s,Leather Wallet,529.83,stylish,773,13,460.9521
68041l,15922g,20556k,Designer Handbag,255.32,affordable,771,4,245.1072
14260p,70196z,62303n,Luxury Watch,558.51,affordable,639,2,547.3398
82951s,26396v,77082h,Vintage Sunglasses,830.55,durable,119,20,664.44
86076e,92604z,33950h,Luxury Watch,491.65,durable,809,11,437.5685
03848j,69178k,92596g,Smartphone Case,559.51,affordable,655,12,492.3688
01760w,43016v,08286f,Vintage Sunglasses,650.65,affordable,215,16,546.546
11262l,78963k,08057k,Smartphone Case,165.65,stylish,7,0,165.65
74610j,21070p,77624o,Smartphone Case,574.09,high quality,544,9,522.4219
37030m,80934z,96122i,Vintage Sunglasses,673.42,affordable,625,12,592.6096
55855b,26836c,21622s,Luxury Watch,988.23,high quality,684,19,800.4663
89644a,45377d,34031i,Leather Wallet,761.77,stylish,549,6,716.0638
07994t,71848d,68759e,Designer Handbag,151.06,innovative,195,17,125.3798
38638v,17409q,02477a,Leather Wallet,738.36,high quality,264,17,612.8388
99286o,82687g,17210q,Leather Wallet,299.28,high quality,14,4,287.3088
12831o,10671q,71017u,Luxury Watch,448.26,durable,220,15,381.021
36256w,48114h,78269a,Vintage Sunglasses,137.8,innovative,471,19,111.618
09968u,42981m,15174b,Vintage Sunglasses,765.64,stylish,341,13,666.1068
78860m,69567t,86791j,Designer Handbag,983.92,durable,636,10,885.528
30383n,67908g,78295k,Designer Handbag,360.75,stylish,665,4,346.32
02645r,73750o,81281z,Vintage Sunglasses,116.95,high quality,648,1,115.7805
54074y,17031z,36017z,Luxury Watch,180.89,affordable,372,1,179.0811
37456t,91266t,86859v,Luxury Watch,457.66,stylish,299,4,439.3536
63706f,17253w,07460w,Smartphone Case,691.33,stylish,541,4,663.6768
38389h,33926x,01524c,Vintage Sunglasses,781.75,affordable,245,17,648.8525
96175f,17064k,52123p,Designer Handbag,145.75,high quality,343,2,142.835
49167r,94914f,49758c,Vintage Sunglasses,554.97,affordable,131,15,471.7245
09480r,13936z,77192l,Vintage Sunglasses,69.77,innovative,836,16,58.6068
13185y,66000s,02733v,Vintage Sunglasses,173.75,durable,708,15,147.6875
55009f,16980m,27524a,Luxury Watch,133.02,high quality,537,16,111.7368
65901b,19282y,82470f,Smartphone Case,260.15,stylish,226,8,239.338
66584i,42206z,07134x,Vintage Sunglasses,706.04,high quality,61,3,684.8588
40269r,63490k,19456l,Leather Wallet,446.36,stylish,505,5,424.042
57191g,50219b,42163w,Luxury Watch,513.86,durable,623,10,462.474
69192s,03031g,06838i,Luxury Watch,514.25,affordable,375,3,498.8225
45782v,64435i,54541i,Designer Handbag,448.14,durable,937,16,376.4376
48543k,08635g,50473a,Vintage Sunglasses,327.67,durable,926,1,324.3933
20369l,40080h,26554d,Leather Wallet,417.48,durable,989,10,375.732
04873d,77337w,09003w,Vintage Sunglasses,941.98,affordable,707,11,838.3622
17948c,73822x,13711l,Designer Handbag,686.98,affordable,134,17,570.1934
33334j,74476k,99259i,Designer Handbag,121.63,affordable,397,4,116.7648
81273p,32311k,62839e,Smartphone Case,138.21,high quality,910,14,118.8606
30011b,44634r,97198t,Smartphone Case,647.01,innovative,783,9,588.7791
22093e,13536l,78316j,Vintage Sunglasses,730.17,affordable,224,10,657.153
74946x,02141a,73223c,Vintage Sunglasses,38.88,high quality,515,8,35.7696
91402u,74869b,69578a,Luxury Watch,274.84,stylish,205,16,230.8656
34093m,92405k,73280a,Designer Handbag,466.23,durable,266,15,396.2955
17880w,96580e,79771w,Vintage Sunglasses,693.11,high quality,331,3,672.3167
73565e,86214p,53347n,Vintage Sunglasses,447.32,affordable,343,4,429.4272
92079l,04708l,26754c,Leather Wallet,786.94,stylish,75,10,708.246
69202i,44478w,44141h,Smartphone Case,770.22,stylish,739,13,670.0914
14483c,49555h,22670s,Designer Handbag,223.75,stylish,850,13,194.6625
63446x,24891h,51474l,Smartphone Case,366.28,durable,315,12,322.3264
09492i,56987u,42003n,Designer Handbag,808.02,innovative,678,16,678.7368
13697c,86867j,88485u,Luxury Watch,529.24,durable,921,14,455.1464
36893v,82381i,09436f,Designer Handbag,211.99,stylish,802,7,197.1507
15153c,43037g,58429s,Vintage Sunglasses,963.4,innovative,835,3,934.498
93216y,53717j,48262k,Vintage Sunglasses,301.24,stylish,912,12,265.0912
98617b,00318l,97127o,Smartphone Case,436.5,innovative,132,2,427.77
41611y,47576u,82053h,Vintage Sunglasses,749.98,innovative,829,3,727.4806
42006t,29167a,49728i,Smartphone Case,118.06,affordable,257,13,102.7122
27118b,86325o,10582g,Smartphone Case,293.71,affordable,707,15,249.6535
72839w,71718a,54703o,Luxury Watch,949.02,durable,50,14,816.1572
46911t,97959p,17975o,Designer Handbag,130.93,affordable,379,2,128.3114
64181c,44594r,02034o,Vintage Sunglasses,480.23,durable,700,19,388.9863
01976a,40232t,04254r,Vintage Sunglasses,276.67,high quality,43,18,226.8694
63176k,76839p,40145d,Leather Wallet,327.39,affordable,931,5,311.0205
73936t,10576f,20418m,Designer Handbag,238.55,affordable,552,12,209.924
66313m,08500i,78535k,Smartphone Case,506.08,innovative,312,17,420.0464
98231j,48168z,25114x,Luxury Watch,553.38,stylish,947,20,442.704
54521c,28591j,61086i,Leather Wallet,40.75,stylish,856,17,33.8225
53987g,51525h,62891b,Leather Wallet,256.04,durable,791,14,220.1944
88075x,50328a,52567e,Designer Handbag,117.18,affordable,101,11,104.2902
72681n,02585m,89231f,Luxury Watch,107.42,innovative,561,20,85.936
86300m,55341y,49984a,Leather Wallet,171.66,stylish,705,10,154.494
33031r,94266g,08693o,Designer Handbag,418.7,high quality,204,2,410.326
01643t,36388v,87425o,Designer Handbag,249.92,affordable,220,4,239.9232
02154j,89353x,39990p,Leather Wallet,937.09,stylish,647,17,777.7847
72818e,01190b,93239c,Luxury Watch,402.52,stylish,336,8,370.3184
82364x,75087o,26925s,Smartphone Case,206.58,innovative,106,20,165.264
55134l,45336r,72881k,Smartphone Case,96.89,innovative,722,8,89.1388
43609h,38521n,59910p,Smartphone Case,569.64,stylish,31,17,472.8012
31298q,58026c,16904o,Designer Handbag,996.28,high quality,889,17,826.9124
09105l,70726j,13972n,Smartphone Case,914.65,affordable,807,18,750.013
58122s,46447v,34292d,Luxury Watch,464.84,affordable,768,3,450.8948
53509f,90665z,00943n,Luxury Watch,549.48,stylish,919,12,483.5424
02843p,81382o,76883c,Smartphone Case,435.42,durable,423,14,374.4612
03443h,87576n,17426h,Luxury Watch,92.34,affordable,278,17,76.6422
09994e,45401l,66678d,Designer Handbag,442.18,affordable,648,12,389.1184
70462h,70420s,92890s,Designer Handbag,612.8,stylish,525,12,539.264
62605q,65380u,18957i,Vintage Sunglasses,482.39,innovative,476,1,477.5661
39334v,05451u,02329y,Smartphone Case,967.58,high quality,851,1,957.9042
50133g,44330v,71751e,Leather Wallet,989.96,innovative,624,4,950.3616
59052v,03014u,58916x,Luxury Watch,249.42,durable,355,20,199.536
55431o,48355x,31880y,Luxury Watch,159.6,durable,550,1,158.004
33357z,32556m,39811q,Leather Wallet,282.35,affordable,946,9,256.9385
97967f,36560v,89458p,Vintage Sunglasses,13.97,high quality,810,3,13.5509
25199m,42415m,93552c,Luxury Watch,377.76,affordable,703,2,370.2048
72730e,68272i,04200t,Smartphone Case,919.63,affordable,643,12,809.2744
47688j,63985p,87713h,Vintage Sunglasses,262.49,durable,950,17,217.8667
18005u,57141a,90237c,Vintage Sunglasses,674.66,innovative,541,4,647.6736
63492n,88532z,02350p,Luxury Watch,287.7,stylish,177,10,258.93
12921e,59107x,81569d,Smartphone Case,954.99,durable,997,17,792.6417
55664n,06111s,82070w,Leather Wallet,898.07,durable,277,9,817.2437
62992v,91692u,90656z,Leather Wallet,715.1,affordable,70,17,593.533
81511q,59776h,64009a,Designer Handbag,875.73,affordable,285,10,788.157
10746u,93007a,28080b,Luxury Watch,570.08,stylish,436,8,524.4736
37397k,97741j,34933j,Leather Wallet,11.02,affordable,440,2,10.7996
86644o,96345i,07216x,Leather Wallet,332.04,innovative,382,0,332.04
32703b,75788q,67934v,Luxury Watch,66.1,affordable,799,9,60.151
75771t,08334r,09493d,Designer Handbag,442.27,stylish,651,10,398.043
98841k,44497y,88457u,Smartphone Case,386.18,innovative,455,6,363.0092
13181z,08375u,49392c,Smartphone Case,752.19,stylish,350,10,676.971
92756a,70977m,18182i,Designer Handbag,476.91,innovative,681,5,453.0645
96655c,37420d,43825f,Smartphone Case,648.05,durable,111,4,622.128
55057i,54688t,15726z,Smartphone Case,557.55,affordable,572,16,468.342
46611p,96414b,57851t,Vintage Sunglasses,833.44,innovative,734,8,766.7648
36574q,86311r,37440z,Luxury Watch,975.36,stylish,27,7,907.0848
06837s,86646k,37309h,Designer Handbag,333.53,high quality,241,13,290.1711
15530f,15022n,97349h,Smartphone Case,14.9,high quality,854,8,13.708
73122p,48386q,12058h,Vintage Sunglasses,410.28,stylish,646,1,406.1772
66123j,16368y,53357q,Leather Wallet,643.45,innovative,16,13,559.8015
86708j,21996i,33638e,Designer Handbag,809.88,stylish,779,0,809.88
92208c,52767j,93062h,Designer Handbag,461.58,innovative,678,7,429.2694
77282i,07207m,06115u,Vintage Sunglasses,866.1,innovative,495,3,840.117
78038l,81409s,36256b,Leather Wallet,664.05,high quality,148,14,571.083
78272a,93090o,30968p,Leather Wallet,515.25,innovative,77,18,422.505
91103d,28989u,96195m,Leather Wallet,647.57,innovative,741,17,537.4831
45847f,48665s,38844f,Leather Wallet,549.64,innovative,589,7,511.1652
40008d,42467d,00015e,Designer Handbag,884.44,affordable,756,4,849.0624
28149m,20265n,06299s,Designer Handbag,303.06,affordable,818,15,257.601
09412l,78711i,26475k,Leather Wallet,509.01,durable,631,4,488.6496
21701n,58286p,50879q,Smartphone Case,489.85,stylish,315,20,391.88
58292i,98916l,60172w,Vintage Sunglasses,517.79,innovative,447,3,502.2563
92953o,77834d,71160a,Vintage Sunglasses,215.28,stylish,345,1,213.1272
05121g,85544i,13680a,Vintage Sunglasses,916.53,affordable,388,5,870.7035
67954e,48544b,86763b,Vintage Sunglasses,480.56,durable,200,2,470.9488
15613g,38492p,30086k,Vintage Sunglasses,990.52,stylish,857,18,812.2264
46649z,47612o,01270e,Vintage Sunglasses,341.79,durable,51,2,334.9542
10846q,70976z,60029o,Smartphone Case,109.51,high quality,954,4,105.1296
34479t,98881s,30714p,Luxury Watch,199.4,high quality,986,0,199.4
78997v,32504i,22729f,Vintage Sunglasses,431.36,affordable,408,0,431.36
86033n,90992i,90731h,Vintage Sunglasses,874.25,durable,319,11,778.0825
60654p,60734j,53852c,Leather Wallet,757.42,high quality,114,16,636.2328
26125v,21080q,41668d,Leather Wallet,283.5,innovative,306,12,249.48
10876y,20365m,49143w,Vintage Sunglasses,455.23,stylish,64,6,427.9162
79015s,17515g,21187b,Luxury Watch,50.43,innovative,300,10,45.387
63429p,91480p,74067l,Luxury Watch,988.95,durable,665,12,870.276
20460w,00391p,94735t,Smartphone Case,543.67,stylish,745,5,516.4865
12377t,84726u,61193f,Designer Handbag,523.8,high quality,321,18,429.516
68151q,86934b,11059g,Smartphone Case,978.27,durable,672,12,860.8776
28476h,23292a,94941f,Designer Handbag,7.34,durable,53,4,7.0464
84474m,29027s,28937t,Designer Handbag,278.43,affordable,798,20,222.744
14142m,40939d,79354m,Vintage Sunglasses,217.21,affordable,318,18,178.1122
43441k,50696i,38185f,Luxury Watch,900.86,innovative,678,16,756.7224
68091l,40098p,07312u,Leather Wallet,836.24,high quality,190,16,702.4416
98941l,59049g,61034r,Luxury Watch,656.59,durable,305,10,590.931
92863n,36202y,46217u,Designer Handbag,852.18,stylish,64,15,724.353
04662t,98211h,97091h,Smartphone Case,493.55,affordable,795,4,473.808
69992r,50644g,82357l,Designer Handbag,804.77,high quality,460,9,732.3407
74581z,72627l,98908d,Smartphone Case,80.4,stylish,288,14,69.144
63210k,98807c,18867j,Vintage Sunglasses,241.07,innovative,649,7,224.1951
58811g,37132c,02763v,Smartphone Case,708.7,innovative,328,7,659.091
26201p,06365m,33181z,Designer Handbag,793.67,affordable,562,7,738.1131
25874x,25270d,05246u,Designer Handbag,409.11,high quality,619,20,327.288
92208v,83428a,59733l,Designer Handbag,987.93,stylish,243,18,810.1026
51651p,24699f,29646b,Smartphone Case,978.83,innovative,627,15,832.0055
20559e,16227s,71102g,Vintage Sunglasses,846.21,innovative,644,17,702.3543
16174l,79938b,39192k,Vintage Sunglasses,268.64,stylish,761,3,260.5808
69086a,07558d,08293u,Designer Handbag,849.78,innovative,26,12,747.8064
65133k,70674w,41869q,Designer Handbag,799.73,durable,52,6,751.7462
72258z,92327b,74209k,Luxury Watch,336.29,durable,758,7,312.7497
50487q,08914p,74091y,Luxury Watch,201.94,durable,257,4,193.8624
64281t,82408t,08898b,Leather Wallet,552.74,innovative,361,12,486.4112
21622s,11001x,11036c,Leather Wallet,553.17,high quality,81,12,486.7896
29114v,99329e,34288i,Luxury Watch,326.18,durable,633,16,273.9912
53498d,94913v,28546i,Luxury Watch,841.14,innovative,530,14,723.3804
67552t,34592h,30864u,Smartphone Case,161.29,affordable,523,16,135.4836
69428s,45893b,16525y,Designer Handbag,316.8,durable,649,16,266.112
34781g,89321m,35066d,Leather Wallet,120.92,innovative,789,9,110.0372
53476k,93393x,01491q,Designer Handbag,630.04,innovative,360,19,510.3324
40872q,96276t,95072h,Smartphone Case,22.85,innovative,447,6,21.479
69635x,60266h,89027u,Luxury Watch,863.17,affordable,515,20,690.536
36992r,65219i,07571x,Luxury Watch,785.37,innovative,130,10,706.833
87932s,46239z,57394u,Smartphone Case,662.91,durable,285,3,643.0227
50829j,37412w,91952y,Leather Wallet,296.48,durable,117,11,263.8672
10722o,60549s,87257y,Leather Wallet,111.15,high quality,448,10,100.035
04568w,72145c,34519g,Luxury Watch,169.71,high quality,492,2,166.3158
84008v,56152t,73319a,Vintage Sunglasses,267.18,affordable,783,8,245.8056
95603z,41095a,88883o,Designer Handbag,210.64,durable,824,16,176.9376
06518f,81905l,97531u,Luxury Watch,62.33,innovative,132,6,58.5902
96674g,01086m,39512a,Leather Wallet,281.06,durable,82,10,252.954
50721l,60620x,01587l,Designer Handbag,701.54,affordable,598,15,596.309
14437m,22877i,71814r,Luxury Watch,593.6,stylish,966,18,486.752
23089l,93585y,34357h,Designer Handbag,799.91,durable,321,19,647.9271
35592q,92167l,99983e,Luxury Watch,518.36,affordable,453,9,471.7076
21966g,38545s,65769m,Designer Handbag,147.99,stylish,556,18,121.3518
66861b,92493j,00790m,Smartphone Case,3.7,durable,345,17,3.071
20218x,44772z,35430r,Designer Handbag,808.74,durable,588,7,752.1282
64296m,46801k,23181s,Designer Handbag,939.96,innovative,669,15,798.966
48574b,87170p,52864d,Luxury Watch,479.07,affordable,647,19,388.0467
06183f,11253d,38469a,Vintage Sunglasses,708.38,durable,85,20,566.704
40252y,91730p,18454r,Leather Wallet,719.48,innovative,396,16,604.3632
91311g,14399h,60435b,Smartphone Case,727.21,stylish,87,7,676.3053
93193e,31988s,72725b,Designer Handbag,148.41,innovative,708,6,139.5054
37209r,06359p,56580x,Leather Wallet,85.96,high quality,292,11,76.5044
53359b,25739v,18708m,Smartphone Case,812.37,stylish,93,15,690.5145
69594h,59724p,66013a,Luxury Watch,512.29,durable,478,14,440.5694
95920x,70335e,03810z,Leather Wallet,109.02,high quality,202,20,87.216
31563e,62851p,43244x,Leather Wallet,716.62,high quality,340,5,680.789
34870v,75852r,52843y,Leather Wallet,471.98,stylish,711,17,391.7434
26994n,73217p,60018r,Vintage Sunglasses,121.61,high quality,121,8,111.8812
81796i,31125b,58747h,Vintage Sunglasses,696.41,innovative,958,12,612.8408
08541k,36356f,55404z,Vintage Sunglasses,69.03,stylish,248,14,59.3658
61682c,97084k,46881t,Leather Wallet,905.29,innovative,203,9,823.8139
46336o,17251v,65647r,Leather Wallet,675.1,innovative,208,6,634.594
96634i,44236t,19271r,Luxury Watch,445.16,durable,308,11,396.1924
72949o,66325o,24601k,Designer Handbag,340.67,stylish,222,13,296.3829
29801w,51896r,39405j,Leather Wallet,853.78,innovative,265,0,853.78
11204x,03891w,74601l,Luxury Watch,184.1,high quality,803,1,182.259
96068i,53168u,10670t,Luxury Watch,94.22,stylish,741,13,81.9714
44205f,14214o,28126e,Leather Wallet,400.68,durable,855,14,344.5848
73059g,68883l,57011o,Smartphone Case,497.79,durable,224,8,457.9668
01802q,44146v,57821w,Luxury Watch,555.7,stylish,188,9,505.687
65765v,84062o,05227p,Smartphone Case,179.06,high quality,63,11,159.3634
31147p,13183s,32716v,Smartphone Case,859.42,stylish,936,8,790.6664
44207m,17926b,19560a,Luxury Watch,556.61,high quality,984,14,478.6846
54442f,83396f,53780e,Leather Wallet,941.76,durable,409,7,875.8368
59959n,11874y,92600o,Leather Wallet,447.17,stylish,516,16,375.6228
13319n,59799x,24949v,Smartphone Case,454.34,stylish,267,3,440.7098
09312h,27785j,38487q,Smartphone Case,239.23,durable,793,7,222.4839
27262i,11002b,03954w,Vintage Sunglasses,469.93,affordable,342,16,394.7412
08979i,74585p,73265f,Vintage Sunglasses,462.35,innovative,154,12,406.868
37214t,49040p,58528a,Leather Wallet,424.08,affordable,459,6,398.6352
24223j,73179i,97329o,Smartphone Case,213.95,durable,994,17,177.5785
06612f,09167y,12350j,Designer Handbag,806.99,affordable,739,15,685.9415
86450e,21653j,96657k,Vintage Sunglasses,95.74,high quality,747,6,89.9956
57669k,88206p,25275w,Smartphone Case,108.78,affordable,877,8,100.0776
83537p,62781k,71520j,Vintage Sunglasses,970.49,durable,830,18,795.8018
11874p,40302q,57349s,Designer Handbag,14.81,innovative,660,1,14.6619
46963z,94050u,68504v,Leather Wallet,990.8,durable,586,2,970.984
24379v,61623e,73531a,Leather Wallet,277.72,high quality,964,15,236.062
80995i,96762o,28315f,Luxury Watch,782.05,durable,596,19,633.4605
95087a,02426a,72771u,Luxury Watch,978.0,innovative,440,4,938.88
68406l,76248x,30825f,Luxury Watch,230.38,innovative,929,18,188.9116
63233v,14754s,29443c,Leather Wallet,90.31,stylish,133,17,74.9573
30283m,19030h,30850y,Leather Wallet,358.69,durable,326,9,326.4079
52494p,56007a,92292c,Leather Wallet,476.93,innovative,257,8,438.7756
70574u,19558t,03342r,Leather Wallet,920.08,innovative,890,5,874.076
85355o,10607c,69187g,Smartphone Case,760.87,high quality,134,3,738.0439
06093k,88356j,86110h,Smartphone Case,103.72,innovative,978,5,98.534
56515m,14705o,38620w,Leather Wallet,405.21,stylish,259,6,380.8974
72059y,47150c,47941v,Luxury Watch,778.3,affordable,340,5,739.385
10935v,04682q,16491j,Luxury Watch,477.72,high quality,27,8,439.5024
69127b,50718e,87123l,Vintage Sunglasses,373.64,stylish,390,19,302.6484
57229p,59922e,86346y,Smartphone Case,120.21,durable,964,14,103.3806
19439t,62947k,72297t,Luxury Watch,703.79,high quality,965,8,647.4868
00341e,93857m,59098o,Leather Wallet,292.8,stylish,798,4,281.088
36512r,08157h,94084v,Luxury Watch,555.52,stylish,184,16,466.6368
41735x,08949a,69478f,Luxury Watch,45.26,innovative,232,6,42.5444
11616m,06186u,02913e,Designer Handbag,904.37,high quality,457,20,723.496
07150u,39025k,77421a,Smartphone Case,82.34,durable,782,3,79.8698
50747m,39394v,20941r,Luxury Watch,354.42,stylish,692,7,329.6106
71900z,87240j,44669w,Leather Wallet,575.13,innovative,127,15,488.8605
38381q,61094d,19033d,Luxury Watch,147.86,affordable,796,5,140.467
08676a,65947f,90217j,Leather Wallet,957.04,affordable,200,20,765.632
93413u,22421g,12813r,Leather Wallet,94.62,durable,325,17,78.5346
74559t,10712g,29020v,Designer Handbag,739.5,stylish,457,15,628.575
48343k,72253a,73730n,Smartphone Case,793.54,stylish,597,19,642.7674
52866p,28668m,41874a,Smartphone Case,740.16,stylish,867,17,614.3328
32072l,15193o,21507a,Leather Wallet,219.02,stylish,997,7,203.6886
95190p,77105g,15810h,Smartphone Case,669.29,innovative,488,12,588.9752
86973j,35843r,87296r,Designer Handbag,838.53,affordable,883,19,679.2093
92263f,64194t,02700z,Luxury Watch,599.06,durable,365,4,575.0976
78168h,57506v,06575j,Designer Handbag,92.75,innovative,151,6,87.185
60677d,95322p,91256e,Leather Wallet,918.81,innovative,900,4,882.0576
89639f,32446u,03715f,Vintage Sunglasses,677.06,stylish,252,17,561.9598
70247b,60979s,66119w,Designer Handbag,756.24,affordable,879,19,612.5544
77953k,92757p,12031e,Vintage Sunglasses,314.93,durable,388,12,277.1384
76824w,52451r,23204c,Luxury Watch,840.52,high quality,259,1,832.1148
80483f,26145s,27809m,Smartphone Case,330.35,affordable,147,12,290.708
55082k,54846h,95670o,Smartphone Case,148.18,stylish,677,8,136.3256
13313j,59105v,42103t,Smartphone Case,380.9,durable,79,19,308.529
38339r,28472g,86678v,Designer Handbag,145.01,innovative,584,8,133.4092
13957x,36165q,36194b,Luxury Watch,138.44,high quality,262,7,128.7492
93457m,88720s,68157u,Vintage Sunglasses,504.91,affordable,306,13,439.2717
40790w,16294n,35479a,Luxury Watch,646.84,durable,981,12,569.2192
97630f,92148m,02492y,Smartphone Case,763.93,durable,704,2,748.6514
87830v,14564h,53265h,Leather Wallet,575.8,high quality,804,9,523.978
60516v,83448a,92007l,Designer Handbag,414.7,stylish,32,4,398.112
68524p,85083m,39296q,Vintage Sunglasses,482.16,affordable,902,7,448.4088
77405t,69505w,09740q,Vintage Sunglasses,714.35,innovative,901,2,700.063
76835y,58772a,32753k,Designer Handbag,553.07,innovative,602,20,442.456
73869j,68995w,30041r,Leather Wallet,95.52,durable,383,2,93.6096
04464g,21872l,86605g,Designer Handbag,692.09,stylish,76,13,602.1183
30415x,98892g,15546c,Vintage Sunglasses,395.53,durable,538,20,316.424
85354i,97566m,09734u,Luxury Watch,383.88,affordable,726,0,383.88
79644u,99511n,03955m,Leather Wallet,536.21,durable,25,1,530.8479
76867j,44648i,28681r,Luxury Watch,907.54,stylish,811,14,780.4844
44179e,14413q,26434g,Designer Handbag,294.24,durable,472,3,285.4128
36021b,27577g,87014m,Designer Handbag,36.93,durable,12,3,35.8221
39952v,40165h,81393d,Designer Handbag,940.82,innovative,107,14,809.1052
87253c,18545x,01676x,Designer Handbag,648.0,high quality,170,20,518.4
16149d,28035c,18041i,Leather Wallet,64.03,stylish,406,10,57.627
01704m,11152c,85852v,Vintage Sunglasses,188.44,durable,33,3,182.7868
27313m,02181i,06694l,Leather Wallet,552.75,innovative,303,11,491.9475
85530q,45926u,82744g,Luxury Watch,121.87,durable,702,7,113.3391
90888h,54187c,76516o,Designer Handbag,530.9,stylish,254,19,430.029
10829r,52380h,96281f,Leather Wallet,917.41,innovative,164,16,770.6244
74307x,77440q,80812g,Designer Handbag,912.95,affordable,398,11,812.5255
29589b,33834r,74460i,Leather Wallet,806.43,stylish,98,10,725.787
07006c,28549a,01737z,Luxury Watch,757.86,innovative,534,16,636.6024
64432s,18923h,16545n,Leather Wallet,277.86,innovative,144,2,272.3028
20493m,95841p,58229s,Smartphone Case,501.41,affordable,985,17,416.1703
51951e,64965x,80874e,Vintage Sunglasses,518.65,durable,47,8,477.158
41251y,23189s,89385e,Leather Wallet,307.12,high quality,786,3,297.9064
86663s,34245o,76089w,Vintage Sunglasses,242.6,affordable,131,11,215.914
36734n,10495c,81333x,Luxury Watch,452.19,durable,850,8,416.0148
37517s,22269f,95996q,Leather Wallet,21.18,high quality,196,8,19.4856
90399t,01278p,48990g,Designer Handbag,247.68,durable,874,6,232.8192
77799z,49742y,59427i,Smartphone Case,843.21,stylish,720,18,691.4322
55974e,19791c,85389p,Designer Handbag,712.01,innovative,635,20,569.608
50755j,04911z,59154o,Luxury Watch,700.3,innovative,464,7,651.279
16101m,07619n,99829n,Designer Handbag,708.02,stylish,228,12,623.0576
12546m,36461b,95664k,Smartphone Case,729.82,durable,284,6,686.0308
43583a,90768d,63073e,Leather Wallet,257.76,stylish,727,14,221.6736
44444p,35923h,74140i,Smartphone Case,528.59,affordable,656,1,523.3041
00482c,97595u,52911n,Luxury Watch,409.42,affordable,579,6,384.8548
00345k,78148s,93421s,Leather Wallet,461.39,stylish,336,18,378.3398
68914h,20653k,69122w,Designer Handbag,825.65,durable,34,12,726.572
27424i,01232m,81544r,Vintage Sunglasses,28.19,durable,704,3,27.3443
75426g,37228h,65501i,Leather Wallet,963.71,innovative,789,11,857.7019
48727v,43698l,69182h,Leather Wallet,160.44,innovative,158,14,137.9784
41452c,77146k,94230m,Luxury Watch,996.42,durable,780,17,827.0286
42162m,72226l,74292u,Vintage Sunglasses,352.19,high quality,905,11,313.4491
03682c,83350m,44251l,Vintage Sunglasses,812.84,innovative,529,1,804.7116
85965u,50287p,01405k,Leather Wallet,168.77,high quality,545,11,150.2053
53155w,09457m,06019w,Leather Wallet,403.82,affordable,74,7,375.5526
98673w,94815a,69659t,Designer Handbag,897.92,stylish,696,19,727.3152
80120y,42973c,69186j,Smartphone Case,280.62,innovative,414,17,232.9146
20502w,45637o,66810z,Leather Wallet,256.17,affordable,868,3,248.4849
28542q,56061w,17228x,Luxury Watch,411.3,innovative,965,14,353.718
00574u,09779b,01443p,Leather Wallet,942.61,stylish,457,11,838.9229
89999o,94089c,67533u,Smartphone Case,988.55,durable,944,5,939.1225
05493t,42613h,94747s,Vintage Sunglasses,958.27,stylish,396,0,958.27
71177k,62769a,48522t,Luxury Watch,863.13,affordable,662,20,690.504
71167x,66414m,35989q,Smartphone Case,635.73,high quality,143,16,534.0132
02403f,42805v,78980k,Leather Wallet,566.33,high quality,505,4,543.6768
96686j,09463l,07835h,Vintage Sunglasses,718.1,stylish,492,16,603.204
16846n,49412c,02312u,Leather Wallet,278.24,innovative,647,20,222.592
17828l,05302m,29895q,Smartphone Case,152.23,affordable,232,12,133.9624
73788y,19854l,48559k,Leather Wallet,7.72,innovative,970,12,6.7936
03822c,19124g,78786b,Luxury Watch,239.35,stylish,907,6,224.989
32671t,12599c,75885z,Vintage Sunglasses,915.0,durable,293,9,832.65
20999w,17168h,80863c,Smartphone Case,126.37,innovative,850,8,116.2604
85852l,21891r,60039f,Designer Handbag,49.21,high quality,365,2,48.2258
00065v,74167t,06900e,Designer Handbag,221.77,stylish,936,9,201.8107
71910i,81583j,20290u,Smartphone Case,354.53,high quality,11,3,343.8941
92281m,38272a,12939v,Vintage Sunglasses,489.77,affordable,182,13,426.0999
82642w,75091x,80121a,Vintage Sunglasses,376.2,innovative,825,16,316.008
17617j,24436g,20361z,Leather Wallet,411.74,stylish,52,11,366.4486
20208s,99028u,58235q,Smartphone Case,691.27,stylish,647,16,580.6668
37210n,68157l,82397o,Leather Wallet,151.89,affordable,727,16,127.5876
05310v,88351a,03266k,Vintage Sunglasses,550.23,stylish,548,18,451.1886
70994f,75245w,10102o,Luxury Watch,680.71,high quality,976,1,673.9029
15665i,68664z,42441c,Leather Wallet,959.22,stylish,768,18,786.5604
92611l,51689b,17582j,Leather Wallet,312.88,high quality,439,10,281.592
90352t,76571h,62067i,Leather Wallet,628.97,durable,809,1,622.6803
81413g,97951w,80237w,Vintage Sunglasses,332.0,innovative,741,14,285.52
59056q,82276q,49697n,Leather Wallet,302.22,high quality,825,5,287.109
86451k,87309q,09755n,Designer Handbag,767.28,stylish,287,5,728.916
23174v,39274s,59094n,Smartphone Case,349.0,affordable,2,17,289.67
86690t,77138q,39106c,Smartphone Case,278.51,innovative,61,0,278.51
07730p,46170k,88294h,Smartphone Case,354.62,affordable,914,15,301.427
86344h,77251u,30771e,Luxury Watch,550.41,innovative,959,2,539.4018
06310g,27707f,18696s,Designer Handbag,270.52,high quality,568,17,224.5316
49059y,79546d,63718p,Leather Wallet,698.9,high quality,894,6,656.966
69021i,24504j,04097t,Smartphone Case,350.79,durable,341,13,305.1873
16539m,04286p,22194r,Luxury Watch,230.68,stylish,594,12,202.9984
44631k,63260h,34355k,Vintage Sunglasses,391.67,innovative,575,14,336.8362
05197e,93118g,42684x,Smartphone Case,561.18,high quality,291,6,527.5092
91160g,96888k,19667n,Vintage Sunglasses,272.38,innovative,216,9,247.8658
77186b,13002z,31312q,Luxury Watch,80.13,durable,422,10,72.117
52191x,76249g,61731k,Leather Wallet,649.0,affordable,698,12,571.12
61908q,80418v,50676x,Designer Handbag,797.74,innovative,773,4,765.8304
50757d,70749u,33720f,Vintage Sunglasses,500.15,affordable,776,0,500.15
93913w,50767y,46461e,Smartphone Case,508.78,durable,957,6,478.2532
83275e,56504l,90772e,Vintage Sunglasses,641.26,innovative,595,4,615.6096
36878x,71857i,52667z,Vintage Sunglasses,591.29,high quality,732,4,567.6384
92746s,11691a,70288j,Vintage Sunglasses,564.04,stylish,115,17,468.1532
27443r,35305k,50640p,Luxury Watch,700.61,stylish,602,18,574.5002
57014r,65981p,31720x,Vintage Sunglasses,375.26,affordable,395,12,330.2288
60071f,66412j,69914c,Designer Handbag,237.99,high quality,651,20,190.392
78599s,57658t,33308m,Vintage Sunglasses,737.92,stylish,89,13,641.9904
34823s,83386b,84299w,Leather Wallet,516.7,high quality,469,6,485.698
02190w,53620d,37874p,Leather Wallet,32.02,innovative,541,2,31.3796
92659h,34178z,94806p,Smartphone Case,470.08,high quality,750,20,376.064
03800t,22390x,26768q,Vintage Sunglasses,923.47,stylish,882,15,784.9495
09603z,43064z,44817w,Smartphone Case,193.38,durable,844,0,193.38
03499c,34436s,33373w,Designer Handbag,706.78,affordable,892,1,699.7122
01690r,50032j,48377j,Designer Handbag,958.14,durable,477,16,804.8376
52343h,96171u,52228x,Smartphone Case,542.74,durable,753,20,434.192
03337d,66479i,02400y,Leather Wallet,793.65,stylish,659,7,738.0945
21787q,38828d,64952m,Designer Handbag,645.7,durable,785,18,529.474
09492h,56448d,46676x,Designer Handbag,550.63,durable,70,16,462.5292
97710i,74768l,24597o,Vintage Sunglasses,200.5,high quality,110,10,180.45
93714j,76932s,92962k,Luxury Watch,40.63,innovative,759,13,35.3481
05840o,40997p,88070z,Leather Wallet,730.83,durable,502,16,613.8972
69867q,90833u,88746j,Designer Handbag,360.25,affordable,917,19,291.8025
29358t,72904x,77625y,Designer Handbag,397.24,affordable,301,4,381.3504
21753g,78495v,10840z,Designer Handbag,689.18,high quality,852,7,640.9374
91297p,45679h,48610w,Smartphone Case,359.36,stylish,813,8,330.6112
97536i,67492u,05676a,Vintage Sunglasses,455.05,durable,480,2,445.949
57750a,45054d,36345l,Luxury Watch,237.9,durable,249,0,237.9
88037e,88010w,15744b,Leather Wallet,782.72,innovative,628,5,743.584
10358x,41881w,46253u,Luxury Watch,567.36,innovative,718,8,521.9712
62756a,24557u,44595f,Designer Handbag,1.16,stylish,578,13,1.0092
31269h,55725k,17530x,Designer Handbag,281.0,high quality,479,15,238.85
81637d,74411i,00023b,Vintage Sunglasses,234.14,high quality,10,11,208.3846
60725r,55696e,83100d,Designer Handbag,15.29,stylish,518,2,14.9842
03812z,67591u,59946k,Vintage Sunglasses,670.57,affordable,445,5,637.0415
79708c,89605t,20526n,Smartphone Case,75.81,stylish,370,6,71.2614
33111e,30297x,06163f,Designer Handbag,250.97,innovative,403,3,243.4409
91514k,74626l,34878p,Leather Wallet,978.08,high quality,412,19,792.2448
12499i,92755q,43115s,Leather Wallet,770.32,affordable,452,1,762.6168
47776v,38942v,18864i,Luxury Watch,863.81,affordable,80,9,786.0671
81586g,86978b,32693k,Vintage Sunglasses,0.97,durable,297,8,0.8924
